order_id,order_date,customer_id,customer_age,customer_gender,customer_city,product_category,product_price,quantity,discount_pct,total_amount,payment_method,delivery_days,customer_rating,is_returned
1000,2024-07-26,57,32,Female,Hyderabad,Sports,1152.0,2,0,2304.0,Net Banking,4.0,4.0,False
1001,2024-12-22,85,21,Female,Hyderabad,Beauty,2313.0,3,10,6245.0,Debit Card,7.0,3.6,False
1002,2024-03-21,36,24,Male,Mumbai,Electronics,18971.0,1,5,18022.0,Credit Card,3.0,5.0,False
1003,2024-11-28,31,29,Male,Hyderabad,Home & Kitchen,7972.0,1,0,7972.0,Net Banking,6.0,4.3,False
1004,2024-02-03,9,37,Male,Delhi,Sports,2863.0,1,10,2577.0,Credit Card,5.0,3.1,False
1005,2024-06-11,51,33,Male,Delhi,Beauty,2423.0,1,0,2423.0,Net Banking,7.0,3.9,False
1006,2024-12-11,82,25,Female,Delhi,Beauty,1191.0,1,0,1191.0,UPI,5.0,4.4,False
1007,2024-02-08,175,30,Male,Mumbai,Home & Kitchen,6329.0,1,0,6329.0,Cash on Delivery,3.0,3.6,False
1008,2024-02-04,42,39,Female,Kolkata,Beauty,250.0,1,0,250.0,UPI,4.0,4.2,False
1009,2024-10-26,168,26,Male,Pune,Electronics,11974.0,3,10,32330.0,UPI,6.0,4.0,False
1010,2024-06-03,173,42,Male,Bangalore,Home & Kitchen,4614.0,1,10,4153.0,UPI,7.0,4.0,False
1011,2024-04-10,44,27,Female,Bangalore,Apparel,1322.0,2,15,2247.0,UPI,2.0,3.9,False
1012,2024-03-21,124,43,Female,Delhi,Sports,1945.0,25,5,185000.0,Net Banking,5.0,3.7,False
1013,2024-07-30,118,18,Female,Ahmedabad,Beauty,1112.0,1,0,1112.0,UPI,2.0,3.5,False
1014,2024-12-10,86,27,Male,Mumbai,Home & Kitchen,2274.0,1,5,2160.0,UPI,4.0,4.8,False
1015,2024-07-11,166,33,Male,Hyderabad,Sports,1990.0,3,0,5970.0,Cash on Delivery,2.0,4.6,False
1016,2024-12-24,54,40,Male,Delhi,Beauty,774.0,1,20,619.0,Credit Card,3.0,4.3,False
1017,2024-11-01,99,56,Male,Hyderabad,Electronics,873.0,1,10,786.0,UPI,5.0,4.4,False
1018,2024-08-28,122,18,Female,Bangalore,Apparel,645.0,2,10,1161.0,Credit Card,5.0,3.5,False
1019,2024-06-25,174,24,Male,Ahmedabad,Apparel,2532.0,2,20,4051.0,Credit Card,3.0,4.1,False
1020,2024-08-23,139,18,Female,Hyderabad,Sports,2652.0,2,0,5304.0,Debit Card,6.0,5.0,False
1021,2024-01-27,12,39,Male,Kolkata,Books,188.0,1,10,169.0,Net Banking,4.0,3.7,False
1022,2024-03-25,147,39,Female,Ahmedabad,Home & Kitchen,1417.0,1,0,1417.0,UPI,4.0,4.7,False
1023,2024-07-26,108,20,Male,Chennai,Home & Kitchen,4242.0,1,10,3818.0,Credit Card,5.0,4.2,False
1024,2024-07-09,142,34,Female,Hyderabad,Apparel,2468.0,3,10,6664.0,UPI,8.0,4.4,False
1025,2024-04-25,41,32,Female,Chennai,Books,1242.0,1,15,1056.0,Debit Card,4.0,3.7,False
1026,2024-08-09,11,48,Male,Hyderabad,Beauty,1616.0,1,5,1535.0,UPI,3.0,4.0,False
1027,2024-08-09,71,34,Male,Delhi,Sports,341.0,1,0,341.0,Debit Card,2.0,4.0,True
1028,2024-07-29,118,18,Male,Delhi,Electronics,825.0,1,5,784.0,Debit Card,3.0,3.8,False
1029,2024-12-27,11,52,Male,Bangalore,Books,578.0,1,0,578.0,Cash on Delivery,5.0,4.0,False
1030,2024-10-23,86,46,Female,Ahmedabad,Apparel,825.0,2,20,1320.0,Net Banking,1.0,4.4,False
1031,2024-08-02,29,52,Female,Chennai,Beauty,1232.0,1,10,1109.0,Debit Card,4.0,4.7,False
1032,2024-12-14,138,31,Male,Bangalore,Apparel,750.0,2,20,1200.0,Net Banking,4.0,3.7,False
1033,2024-03-04,134,48,Male,Mumbai,Home & Kitchen,10690.0,3,15,3505.0,UPI,5.0,3.6,False
1034,2024-06-30,147,57,Male,Chennai,Apparel,3573.0,2,5,6789.0,UPI,1.0,5.0,False
1035,2024-09-15,116,40,Female,Bangalore,Sports,2763.0,1,10,2487.0,UPI,5.0,3.9,False
1036,2024-01-13,169,26,Male,Pune,Books,974.0,1,10,877.0,UPI,3.0,2.9,False
1037,2024-07-19,143,21,Female,Delhi,Electronics,2149.0,2,0,4298.0,Credit Card,5.0,3.6,True
1038,2024-01-11,131,36,Female,Delhi,Home & Kitchen,6113.0,1,0,6113.0,UPI,3.0,3.1,False
1039,2024-06-03,139,22,Male,Mumbai,Apparel,1904.0,1,0,1904.0,Credit Card,5.0,4.4,False
1040,2024-08-20,3,33,Male,Ahmedabad,Sports,5460.0,1,0,5460.0,Credit Card,2.0,4.5,True
1041,2024-04-07,24,41,Female,Delhi,Home & Kitchen,9048.0,3,5,25787.0,Debit Card,8.0,4.7,False
1042,2024-10-16,15,30,Female,Bangalore,Apparel,1068.0,2,5,2029.0,Credit Card,6.0,3.5,False
1043,2024-09-30,51,39,Female,Bangalore,Home & Kitchen,3592.0,2,0,7184.0,UPI,3.0,4.1,False
1044,2024-04-01,153,33,Male,Pune,Home & Kitchen,7615.0,1,20,6092.0,UPI,4.0,3.5,False
1045,2024-01-08,73,36,Male,Hyderabad,Apparel,1325.0,1,10,1192.0,UPI,3.0,5.0,False
1046,2024-12-19,50,29,Female,Mumbai,Beauty,2006.0,3,0,6018.0,UPI,3.0,5.0,False
1047,2024-01-06,32,22,Male,Pune,Electronics,4093.0,1,0,4093.0,Debit Card,6.0,4.5,False
1048,2024-06-12,53,23,Female,Mumbai,Apparel,1962.0,2,0,3924.0,Credit Card,6.0,4.5,False
1049,2024-07-11,141,18,Female,Bangalore,Electronics,7324.0,1,20,5859.0,Debit Card,5.0,3.8,False
1050,2024-07-06,13,38,Male,Hyderabad,Apparel,3504.0,1,0,3504.0,Debit Card,4.0,4.3,False
1051,2024-12-24,11,18,Male,Mumbai,Beauty,2030.0,2,0,4060.0,Net Banking,3.0,4.6,False
1052,2024-01-18,94,36,Female,Pune,Home & Kitchen,4104.0,1,5,3899.0,Debit Card,4.0,4.1,False
1053,2024-05-02,44,40,Female,Pune,Beauty,759.0,1,20,607.0,Cash on Delivery,5.0,3.8,False
1054,2024-04-18,145,29,Female,Kolkata,Home & Kitchen,2001.0,1,0,2001.0,Debit Card,4.0,3.1,False
1055,2024-05-08,129,52,Male,Pune,Books,1492.0,1,10,1343.0,Credit Card,3.0,5.0,False
1056,2024-05-27,16,31,Male,Hyderabad,Electronics,19981.0,1,0,19981.0,Credit Card,4.0,3.5,True
1057,2024-07-26,67,19,Female,Hyderabad,Home & Kitchen,250000.0,1,5,6594.0,UPI,5.0,4.3,False
1058,2024-08-29,58,34,Female,Chennai,Home & Kitchen,6388.0,2,0,12776.0,Cash on Delivery,1.0,3.7,False
1059,2024-03-08,9,18,Male,Delhi,Apparel,518.0,1,0,518.0,Net Banking,6.0,3.9,False
1060,2024-01-23,103,18,Female,Hyderabad,Apparel,1343.0,1,5,1276.0,Debit Card,4.0,3.5,False
1061,2024-09-27,130,27,Female,Mumbai,Sports,1126.0,1,0,1126.0,UPI,1.0,3.5,True
1062,2024-04-06,124,31,Female,Delhi,Electronics,19999.0,1,0,19999.0,UPI,5.0,3.9,False
1063,2024-11-30,85,26,Male,Ahmedabad,Home & Kitchen,7907.0,1,0,7907.0,Debit Card,3.0,4.0,False
1064,2024-01-08,15,30,Female,Delhi,Sports,5270.0,1,0,5270.0,Credit Card,6.0,2.3,False
1065,2024-04-06,56,23,Female,Chennai,Sports,915.0,3,0,2745.0,Debit Card,6.0,4.3,False
1066,2024-04-30,180,27,Female,Bangalore,Home & Kitchen,7705.0,2,5,14640.0,Cash on Delivery,4.0,3.7,False
1067,2024-09-20,4,47,Male,Chennai,Electronics,7166.0,1,0,7166.0,Credit Card,6.0,5.0,False
1068,2024-04-17,55,30,Female,Chennai,Electronics,3470.0,2,0,6940.0,UPI,2.0,3.1,False
1069,2024-03-23,121,21,Male,Ahmedabad,Apparel,2391.0,1,10,2152.0,Debit Card,4.0,4.5,False
1070,2024-09-21,169,44,Male,Hyderabad,Books,759.0,2,0,1518.0,Debit Card,3.0,3.4,True
1071,2024-04-30,78,43,Female,Pune,Beauty,845.0,2,0,1690.0,Credit Card,1.0,4.0,False
1072,2024-05-02,102,29,Female,Bangalore,Books,651.0,2,10,1172.0,UPI,4.0,4.2,False
1073,2024-12-13,125,18,Female,Kolkata,Sports,880.0,1,10,792.0,UPI,2.0,3.1,False
1074,2024-02-12,72,36,Male,Pune,Beauty,483.0,1,0,483.0,Net Banking,5.0,3.2,False
1075,2024-08-30,9,43,Female,Ahmedabad,Home & Kitchen,6879.0,1,15,5847.0,Debit Card,3.0,4.7,False
1076,2024-05-29,55,27,Female,Pune,Books,287.0,2,15,488.0,UPI,3.0,4.3,True
1077,2024-07-16,48,39,Female,Mumbai,Books,633.0,1,20,506.0,Net Banking,5.0,3.9,False
1078,2024-05-09,145,40,Female,Hyderabad,Electronics,13739.0,1,5,13052.0,UPI,4.0,4.7,False
1079,2024-03-11,23,21,Female,Pune,Sports,2941.0,1,20,2353.0,Credit Card,2.0,3.2,False
1080,2024-07-27,178,46,Male,Ahmedabad,Sports,4879.0,2,0,9758.0,Net Banking,7.0,4.0,False
1081,2024-08-03,172,43,Female,Pune,Home & Kitchen,11811.0,1,0,11811.0,Credit Card,3.0,4.1,False
1082,2024-07-31,67,36,Female,Ahmedabad,Electronics,10521.0,2,0,21042.0,Credit Card,5.0,4.7,False
1083,2024-09-05,138,39,Male,Delhi,Home & Kitchen,9403.0,1,0,9403.0,Net Banking,4.0,3.5,False
1084,2024-11-07,80,34,Female,Hyderabad,Electronics,15232.0,2,0,30464.0,Debit Card,5.0,3.8,False
1085,2024-10-20,41,36,Male,Chennai,Home & Kitchen,11226.0,1,0,11226.0,Debit Card,3.0,4.4,False
1086,2024-10-25,8,28,Female,Delhi,Apparel,3503.0,1,5,3328.0,Cash on Delivery,6.0,3.8,False
1087,2024-04-16,44,47,Female,Ahmedabad,Home & Kitchen,705.0,1,15,599.0,Debit Card,4.0,3.0,False
1088,2024-04-03,124,33,Male,Hyderabad,Electronics,1823.0,2,5,3464.0,Debit Card,4.0,3.5,False
1089,2024-11-21,32,18,Female,Kolkata,Home & Kitchen,11472.0,1,0,11472.0,Debit Card,6.0,3.4,False
1090,2024-11-21,113,34,Male,Chennai,Apparel,3909.0,2,5,7427.0,Cash on Delivery,6.0,4.2,False
1091,2024-04-08,94,34,Male,Mumbai,Apparel,3627.0,2,0,7254.0,Credit Card,5.0,4.5,False
1092,2024-01-10,92,42,Female,Chennai,Apparel,338.0,1,0,338.0,UPI,4.0,2.9,False
1093,2024-05-30,16,33,Female,Pune,Books,732.0,2,15,1244.0,Net Banking,3.0,5.0,False
1094,2024-10-04,136,34,Female,Hyderabad,Electronics,20664.0,2,0,41328.0,Net Banking,4.0,4.1,False
1095,2024-07-28,26,28,Female,Bangalore,Apparel,3422.0,2,0,6844.0,Debit Card,4.0,4.7,False
1096,2024-02-03,105,31,Female,Delhi,Sports,3856.0,1,0,3856.0,Credit Card,2.0,3.5,True
1097,2024-11-05,103,40,Female,Delhi,Apparel,1335.0,1,5,1268.0,UPI,6.0,3.6,False
1098,2024-04-11,57,33,Male,Delhi,Beauty,816.0,1,5,775.0,Debit Card,2.0,4.3,False
1099,2024-05-21,161,30,Male,Delhi,Apparel,2366.0,1,0,2366.0,Debit Card,4.0,5.0,False
1100,2024-07-26,151,34,Male,Mumbai,Electronics,3998.0,1,5,3798.0,UPI,3.0,5.0,False
1101,2024-02-28,169,61,Female,Delhi,Home & Kitchen,9060.0,3,20,21744.0,Cash on Delivery,2.0,3.3,False
1102,2024-04-02,145,41,Female,Hyderabad,Sports,4281.0,2,0,8562.0,UPI,4.0,4.2,True
1103,2024-02-23,82,25,Female,Pune,Home & Kitchen,3709.0,1,0,3709.0,UPI,3.0,3.4,False
1104,2024-01-10,145,36,Female,Kolkata,Electronics,20856.0,1,0,20856.0,Net Banking,6.0,3.7,False
1105,2024-07-01,115,46,Female,Pune,Sports,728.0,1,5,692.0,Credit Card,5.0,3.1,True
1106,2024-12-07,61,30,Female,Bangalore,Apparel,2662.0,1,0,2662.0,Credit Card,4.0,4.6,True
1107,2024-04-06,140,29,Male,Delhi,Electronics,11854.0,1,10,10669.0,UPI,5.0,4.5,True
1108,2024-01-04,101,25,Female,Hyderabad,Home & Kitchen,9584.0,2,0,19168.0,UPI,4.0,4.7,False
1109,2024-05-20,120,30,Female,Hyderabad,Beauty,876.0,1,0,876.0,UPI,2.0,3.3,False
1110,2024-04-04,155,49,Male,Bangalore,Home & Kitchen,7900.0,1,0,7900.0,Debit Card,3.0,2.7,False
1111,2024-11-24,136,27,Male,Bangalore,Books,371.0,1,5,352.0,Credit Card,7.0,3.5,False
1112,2024-04-18,140,41,Female,Hyderabad,Books,1098.0,1,10,988.0,Debit Card,4.0,3.2,False
1113,2024-06-06,38,36,Female,Chennai,Books,518.0,1,10,466.0,Debit Card,2.0,4.0,False
1114,2024-07-31,121,29,Female,Bangalore,Apparel,2531.0,1,0,2531.0,Credit Card,3.0,4.7,False
1115,2024-12-27,137,39,Female,Pune,Electronics,20031.0,1,0,20031.0,Credit Card,5.0,3.5,False
1116,2024-06-05,100,37,Female,Mumbai,Home & Kitchen,1296.0,1,0,1296.0,Debit Card,6.0,4.2,False
1117,2024-06-20,173,18,Male,Kolkata,Books,709.0,1,20,567.0,UPI,4.0,3.8,False
1118,2024-06-15,57,56,Male,Kolkata,Electronics,18249.0,2,10,32848.0,UPI,4.0,5.0,False
1119,2024-11-17,78,44,Female,Chennai,Home & Kitchen,8612.0,1,0,8612.0,Credit Card,3.0,3.5,False
1120,2024-11-09,131,38,Female,Ahmedabad,Beauty,2849.0,1,15,2422.0,Net Banking,3.0,3.3,False
1121,2024-03-31,56,32,Male,Hyderabad,Sports,860.0,1,0,860.0,Credit Card,4.0,4.0,False
1122,2024-10-26,6,36,Female,Kolkata,Sports,677.0,2,10,1219.0,Credit Card,8.0,3.7,False
1123,2024-11-12,22,21,Male,Hyderabad,Beauty,1556.0,1,10,1400.0,UPI,2.0,3.7,False
1124,2024-01-18,28,49,Female,Chennai,Electronics,18512.0,1,10,16661.0,Debit Card,5.0,5.0,False
1125,2024-04-04,24,34,Female,Hyderabad,Electronics,20765.0,1,5,19727.0,UPI,5.0,3.7,False
1126,2024-08-22,72,33,Male,Kolkata,Sports,1216.0,1,0,1216.0,Net Banking,3.0,3.3,False
1127,2024-08-22,165,40,Male,Pune,Sports,4877.0,1,0,4877.0,Credit Card,4.0,3.8,False
1128,2024-04-14,13,41,Male,Pune,Home & Kitchen,3930.0,1,0,3930.0,Debit Card,4.0,3.7,False
1129,2024-08-25,38,39,Male,Chennai,Books,865.0,1,20,692.0,Credit Card,5.0,3.8,False
1130,2024-03-11,72,26,Female,Bangalore,Beauty,713.0,1,0,713.0,UPI,4.0,2.7,False
1131,2024-03-16,50,26,Male,Ahmedabad,Electronics,24789.0,2,0,49578.0,UPI,7.0,3.8,False
1132,2024-07-01,130,44,Male,Chennai,Electronics,10904.0,1,0,10904.0,Debit Card,5.0,3.7,False
1133,2024-10-21,37,35,Male,Ahmedabad,Beauty,2766.0,2,5,5255.0,UPI,3.0,3.3,False
1134,2024-11-24,100,18,Male,Ahmedabad,Electronics,9952.0,1,0,9952.0,Debit Card,2.0,4.6,False
1135,2024-01-09,67,33,Male,Bangalore,Sports,4740.0,2,0,9480.0,Net Banking,4.0,3.0,False
1136,2024-12-03,80,33,Female,Kolkata,Beauty,1100.0,1,5,1045.0,Net Banking,2.0,3.9,False
1137,2024-01-15,103,32,Female,Ahmedabad,Apparel,3049.0,1,0,3049.0,Credit Card,4.0,4.2,False
1138,2024-04-18,56,37,Male,Pune,Electronics,21371.0,1,0,21371.0,Credit Card,2.0,4.3,False
1139,2024-07-04,104,51,Female,Delhi,Home & Kitchen,6810.0,1,0,6810.0,Cash on Delivery,2.0,4.8,False
1140,2024-01-03,111,20,Female,Ahmedabad,Beauty,2550.0,1,0,2550.0,Credit Card,4.0,4.0,False
1141,2024-10-08,126,30,Male,Pune,Apparel,1897.0,3,0,5691.0,Credit Card,2.0,4.3,False
1142,2024-08-14,153,18,Female,Delhi,Apparel,3454.0,2,0,6908.0,UPI,6.0,3.4,True
1143,2024-04-19,60,37,Male,Pune,Sports,1638.0,1,10,1474.0,Net Banking,4.0,3.8,False
1144,2024-10-22,38,33,Male,Pune,Beauty,1036.0,1,10,932.0,Cash on Delivery,6.0,3.3,False
1145,2024-07-14,25,43,Female,Delhi,Electronics,20497.0,1,0,20497.0,Cash on Delivery,3.0,3.9,False
1146,2024-09-03,7,43,Male,Bangalore,Electronics,19392.0,1,15,16483.0,UPI,3.0,4.2,False
1147,2024-03-12,14,39,Male,Bangalore,Books,1382.0,3,20,3317.0,Net Banking,1.0,4.3,False
1148,2024-11-16,8,42,Female,Kolkata,Apparel,1673.0,2,15,2844.0,UPI,4.0,4.9,False
1149,2024-03-23,180,33,Male,Ahmedabad,Apparel,587.0,1,0,587.0,Net Banking,1.0,4.8,False
1150,2024-07-23,83,33,Female,Hyderabad,Books,1490.0,1,10,1341.0,Credit Card,5.0,3.9,False
1151,2024-06-12,58,26,Male,Delhi,Books,732.0,1,0,732.0,UPI,3.0,3.1,False
1152,2024-05-14,97,27,Male,Kolkata,Electronics,4846.0,2,5,9207.0,Cash on Delivery,5.0,5.0,False
1153,2024-01-28,17,33,Male,Pune,Beauty,1982.0,2,10,3568.0,Debit Card,1.0,4.5,False
1154,2024-08-02,52,37,Male,Pune,Electronics,3734.0,1,0,3734.0,UPI,5.0,4.8,False
1155,2024-03-22,66,28,Female,Kolkata,Apparel,849.0,1,0,849.0,Credit Card,3.0,4.8,False
1156,2024-11-22,6,38,Female,Chennai,Beauty,2926.0,2,10,5267.0,Credit Card,3.0,3.2,False
1157,2024-10-01,69,27,Female,Bangalore,Home & Kitchen,9437.0,1,0,9437.0,Net Banking,2.0,4.1,False
1158,2024-05-08,144,59,Female,Hyderabad,Electronics,11898.0,1,0,11898.0,Cash on Delivery,3.0,3.7,False
1159,2024-02-27,11,33,Male,Chennai,Sports,405.0,3,0,1215.0,UPI,5.0,3.9,False
1160,2024-02-17,136,37,Female,Ahmedabad,Home & Kitchen,9466.0,1,10,8519.0,UPI,5.0,3.8,False
1161,2024-07-07,159,48,Female,Bangalore,Home & Kitchen,8148.0,1,15,6926.0,UPI,4.0,3.9,False
1162,2024-09-23,162,18,Male,Bangalore,Home & Kitchen,3104.0,1,0,3104.0,Debit Card,3.0,3.0,False
1163,2024-08-18,28,53,Female,Pune,Beauty,2343.0,1,0,2343.0,Net Banking,1.0,3.8,False
1164,2024-04-15,83,28,Male,Hyderabad,Apparel,3650.0,1,0,3650.0,Credit Card,6.0,3.9,False
1165,2024-02-14,131,18,Female,Delhi,Sports,2579.0,1,0,2579.0,Debit Card,1.0,4.0,True
1166,2024-07-25,119,19,Male,Bangalore,Sports,4300.0,1,10,3870.0,Credit Card,2.0,4.5,True
1167,2024-12-13,48,38,Male,Kolkata,Apparel,2017.0,1,15,1714.0,UPI,6.0,4.2,False
1168,2024-03-18,176,30,Female,Ahmedabad,Electronics,24049.0,1,5,22847.0,UPI,4.0,3.8,False
1169,2024-12-21,179,31,Male,Bangalore,Sports,3776.0,1,5,3587.0,Credit Card,3.0,3.9,False
1170,2024-06-27,51,29,Female,Ahmedabad,Beauty,1364.0,1,10,1228.0,Cash on Delivery,1.0,3.5,False
1171,2024-04-18,176,36,Male,Delhi,Home & Kitchen,9750.0,1,0,9750.0,Credit Card,2.0,5.0,True
1172,2024-08-12,152,35,Male,Delhi,Electronics,17159.0,1,5,16301.0,Debit Card,6.0,4.8,False
1173,2024-12-14,22,26,Female,Bangalore,Apparel,1810.0,3,0,5430.0,Cash on Delivery,6.0,4.0,False
1174,2024-11-19,82,43,Male,Mumbai,Books,962.0,2,0,1924.0,UPI,4.0,4.0,False
1175,2024-07-19,115,41,Female,Chennai,Home & Kitchen,4034.0,2,0,8068.0,Credit Card,6.0,4.2,True
1176,2024-01-30,161,38,Male,Delhi,Beauty,1789.0,1,5,1700.0,Credit Card,2.0,3.9,False
1177,2024-04-06,139,47,Male,Kolkata,Beauty,1997.0,1,0,1997.0,Debit Card,4.0,5.0,False
1178,2024-05-12,107,47,Female,Hyderabad,Beauty,306.0,2,0,612.0,Cash on Delivery,7.0,3.4,False
1179,2024-04-29,130,22,Male,Hyderabad,Electronics,3372.0,1,0,3372.0,Net Banking,6.0,3.6,False
1180,2024-05-05,164,28,Male,Hyderabad,Home & Kitchen,4384.0,3,0,13152.0,Credit Card,3.0,3.7,False
1181,2024-11-30,156,34,Male,Bangalore,Books,1434.0,1,10,1291.0,Net Banking,6.0,3.0,False
1182,2024-08-04,35,38,Male,Mumbai,Books,1328.0,2,5,2523.0,Credit Card,3.0,4.3,False
1183,2024-04-19,112,47,Female,Chennai,Electronics,7025.0,2,5,13348.0,Credit Card,4.0,4.0,False
1184,2024-12-27,72,19,Female,Mumbai,Beauty,1558.0,2,0,3116.0,UPI,6.0,4.8,False
1185,2024-01-08,88,26,Female,Chennai,Sports,1693.0,1,0,1693.0,Credit Card,2.0,3.0,False
1186,2024-04-18,72,47,Male,Bangalore,Apparel,3889.0,1,5,3695.0,UPI,6.0,5.0,False
1187,2024-12-24,88,43,Female,Delhi,Books,1209.0,1,0,1209.0,Net Banking,4.0,4.6,False
1188,2024-01-03,84,19,Female,Kolkata,Sports,2715.0,1,5,2579.0,UPI,3.0,3.7,False
1189,2024-11-18,125,18,Male,Kolkata,Electronics,22052.0,1,0,22052.0,Debit Card,5.0,3.7,False
1190,2024-01-24,39,31,Female,Chennai,Sports,606.0,2,0,1212.0,Cash on Delivery,7.0,4.0,True
1191,2024-12-06,30,37,Female,Pune,Beauty,2025.0,1,15,1721.0,Debit Card,3.0,5.0,False
1192,2024-12-05,127,39,Female,Pune,Beauty,2612.0,1,0,2612.0,Debit Card,6.0,3.3,False
1193,2024-01-26,14,41,Male,Kolkata,Beauty,1992.0,1,15,1693.0,UPI,4.0,3.6,False
1194,2024-03-19,34,18,Female,Bangalore,Electronics,8198.0,2,5,15576.0,UPI,1.0,4.4,True
1195,2024-04-28,80,35,Male,Kolkata,Electronics,24747.0,1,10,22272.0,UPI,7.0,4.2,False
1196,2024-10-17,152,35,Female,Hyderabad,Electronics,20290.0,2,10,36522.0,UPI,4.0,4.1,False
1197,2024-05-06,43,49,Female,Kolkata,Electronics,10682.0,1,0,10682.0,Debit Card,4.0,3.8,True
1198,2024-11-23,71,52,Female,Pune,Electronics,18591.0,1,0,18591.0,Debit Card,4.0,3.5,False
1199,2024-10-21,40,18,Female,Pune,Home & Kitchen,11024.0,1,0,11024.0,Net Banking,4.0,3.7,False
1200,2024-01-30,8,23,Female,Bangalore,Beauty,817.0,1,0,817.0,UPI,3.0,4.5,False
1201,2024-10-13,103,18,Female,Pune,Apparel,778.0,1,0,778.0,Credit Card,3.0,3.9,False
1202,2024-02-12,176,23,Female,Delhi,Sports,4330.0,1,10,3897.0,UPI,3.0,4.4,True
1203,2024-12-04,129,36,Male,Mumbai,Books,915.0,1,0,915.0,Credit Card,5.0,5.0,False
1204,2024-03-17,70,32,Female,Bangalore,Electronics,16840.0,2,0,33680.0,Cash on Delivery,5.0,4.5,False
1205,2024-09-17,63,25,Female,Chennai,Electronics,18378.0,1,0,18378.0,UPI,4.0,4.0,False
1206,2024-06-16,118,43,Female,Mumbai,Apparel,3114.0,1,5,2958.0,Credit Card,4.0,3.0,False
1207,2024-10-16,146,30,Male,Hyderabad,Sports,984.0,2,5,1870.0,Credit Card,3.0,5.0,False
1208,2024-10-23,115,49,Female,Delhi,Beauty,2139.0,1,0,2139.0,Net Banking,5.0,4.2,False
1209,2024-05-15,177,44,Male,Hyderabad,Sports,5180.0,1,0,5180.0,UPI,5.0,4.6,False
1210,2024-04-20,152,40,Male,Ahmedabad,Sports,1391.0,2,15,2365.0,Debit Card,5.0,4.5,False
1211,2024-05-18,33,54,Female,Mumbai,Books,625.0,2,15,1062.0,Credit Card,6.0,5.0,False
1212,2024-06-26,142,23,Female,Hyderabad,Apparel,1326.0,2,5,2519.0,Debit Card,6.0,4.3,False
1213,2024-04-20,11,32,Female,Delhi,Sports,2775.0,2,10,4995.0,Debit Card,8.0,5.0,False
1214,2024-04-30,5,22,Female,Chennai,Electronics,3972.0,1,5,3773.0,Debit Card,4.0,4.0,False
1215,2024-11-06,66,27,Female,Bangalore,Home & Kitchen,10675.0,2,0,21350.0,Debit Card,3.0,4.1,False
1216,2024-05-12,79,33,Female,Delhi,Electronics,16718.0,1,10,15046.0,Credit Card,7.0,4.1,False
1217,2024-01-21,174,38,Male,Kolkata,Books,810.0,2,0,1620.0,Credit Card,2.0,4.1,True
1218,2024-01-10,20,32,Female,Pune,Books,1443.0,1,10,1299.0,Credit Card,4.0,5.0,False
1219,2024-06-14,49,29,Female,Pune,Electronics,3374.0,2,0,6748.0,Credit Card,2.0,4.1,False
1220,2024-12-25,146,43,Female,Delhi,Apparel,1346.0,2,10,2423.0,UPI,4.0,3.0,False
1221,2024-12-01,15,39,Female,Delhi,Home & Kitchen,732.0,1,5,695.0,Net Banking,5.0,2.5,True
1222,2024-03-29,87,40,Female,Pune,Apparel,2485.0,1,10,2236.0,Credit Card,1.0,3.0,False
1223,2024-01-27,129,32,Female,Bangalore,Home & Kitchen,1414.0,1,10,1273.0,Credit Card,3.0,4.0,False
1224,2024-10-14,49,35,Female,Chennai,Sports,1023.0,1,15,870.0,Debit Card,3.0,3.5,False
1225,2024-11-16,167,18,Male,Ahmedabad,Sports,5493.0,1,0,5493.0,UPI,3.0,3.7,False
1226,2024-12-31,69,35,Female,Mumbai,Apparel,3121.0,1,0,3121.0,Net Banking,6.0,3.4,False
1227,2024-09-05,124,50,Male,Hyderabad,Sports,1805.0,1,5,1715.0,Cash on Delivery,4.0,4.1,False
1228,2024-01-14,97,36,Male,Chennai,Home & Kitchen,2341.0,1,0,2341.0,UPI,6.0,3.6,True
1229,2024-02-01,174,18,Female,Ahmedabad,Home & Kitchen,3545.0,2,0,7090.0,Net Banking,1.0,3.3,False
1230,2024-09-08,135,29,Female,Bangalore,Electronics,20911.0,1,0,20911.0,UPI,4.0,3.0,False
1231,2024-10-16,76,36,Male,Kolkata,Electronics,12101.0,1,0,12101.0,Net Banking,3.0,4.9,False
1232,2024-02-02,142,40,Female,Mumbai,Books,1465.0,1,0,1465.0,UPI,4.0,4.8,False
1233,2024-08-18,129,36,Female,Chennai,Sports,847.0,2,0,1694.0,UPI,5.0,4.2,False
1234,2024-12-11,168,42,Male,Chennai,Home & Kitchen,8211.0,1,20,6569.0,Credit Card,4.0,5.0,False
1235,2024-08-16,10,32,Female,Hyderabad,Electronics,16822.0,2,0,33644.0,Debit Card,6.0,4.1,False
1236,2024-12-15,112,50,Male,Mumbai,Beauty,2100.0,1,5,1995.0,UPI,3.0,4.0,False
1237,2024-03-30,59,41,Female,Pune,Apparel,904.0,1,0,904.0,UPI,7.0,4.0,False
1238,2024-12-02,33,42,Male,Ahmedabad,Apparel,2538.0,1,5,2411.0,Cash on Delivery,5.0,5.0,False
1239,2024-01-10,180,36,Male,Pune,Home & Kitchen,7783.0,1,0,7783.0,Net Banking,4.0,3.8,False
1240,2024-07-27,116,30,Female,Hyderabad,Electronics,21449.0,2,10,38608.0,Credit Card,3.0,4.3,False
1241,2024-11-20,54,31,Female,Mumbai,Sports,5726.0,3,5,16319.0,Cash on Delivery,4.0,3.9,False
1242,2024-08-20,88,40,Male,Pune,Apparel,2027.0,1,10,1824.0,Credit Card,3.0,4.5,False
1243,2024-02-18,61,50,Male,Bangalore,Electronics,20072.0,1,0,20072.0,Debit Card,4.0,3.2,False
1244,2024-01-20,1,29,Male,Bangalore,Apparel,3608.0,1,0,3608.0,Net Banking,9.0,4.0,False
1245,2024-12-21,41,48,Male,Pune,Books,1188.0,1,0,1188.0,Cash on Delivery,4.0,3.5,False
1246,2024-04-10,157,18,Female,Kolkata,Beauty,2988.0,1,0,2988.0,Debit Card,2.0,3.7,False
1247,2024-09-05,150,41,Female,Kolkata,Apparel,2517.0,3,15,6418.0,Debit Card,3.0,3.2,False
1248,2024-01-27,77,58,Male,Hyderabad,Sports,5353.0,2,0,10706.0,Credit Card,4.0,4.9,False
1249,2024-01-06,104,33,Female,Delhi,Home & Kitchen,8662.0,1,20,6930.0,Cash on Delivery,3.0,4.4,False
1250,2024-09-18,146,25,Male,Ahmedabad,Books,1456.0,1,5,1383.0,Credit Card,4.0,3.9,False
1251,2024-07-27,89,29,Female,Delhi,Apparel,770.0,3,5,2194.0,Credit Card,5.0,4.6,False
1252,2024-01-28,137,22,Male,Bangalore,Home & Kitchen,11205.0,1,20,8964.0,UPI,5.0,3.4,False
1253,2024-04-12,102,29,Male,Delhi,Electronics,6437.0,2,5,12230.0,UPI,4.0,3.7,False
1254,2024-03-27,116,47,Female,Ahmedabad,Apparel,1881.0,1,0,1881.0,Debit Card,3.0,4.1,False
1255,2024-12-17,48,42,Male,Bangalore,Sports,1766.0,1,20,1413.0,Credit Card,5.0,3.7,False
1256,2024-03-21,117,52,Female,Kolkata,Books,689.0,1,10,620.0,Debit Card,4.0,4.1,False
1257,2024-04-16,92,47,Male,Ahmedabad,Sports,5507.0,1,0,5507.0,Net Banking,3.0,3.9,False
1258,2024-02-14,137,27,Male,Pune,Home & Kitchen,9406.0,1,0,9406.0,Net Banking,2.0,3.7,False
1259,2024-11-28,175,39,Male,Bangalore,Electronics,2401.0,2,0,4802.0,UPI,4.0,5.0,False
1260,2024-11-10,11,34,Female,Delhi,Beauty,1945.0,1,0,1945.0,Net Banking,1.0,4.6,False
1261,2024-07-17,178,28,Male,Pune,Electronics,10190.0,2,15,17323.0,Credit Card,5.0,4.7,False
1262,2024-01-30,157,31,Female,Pune,Home & Kitchen,3866.0,1,0,3866.0,Credit Card,7.0,5.0,False
1263,2024-08-17,146,30,Male,Bangalore,Sports,3099.0,1,10,2789.0,Debit Card,4.0,3.5,False
1264,2024-11-18,161,35,Female,Pune,Books,1248.0,2,20,1997.0,UPI,4.0,4.3,False
1265,2024-11-04,170,38,Female,Pune,Electronics,2880.0,2,5,5472.0,UPI,4.0,4.1,False
1266,2024-02-26,22,27,Female,Mumbai,Sports,4155.0,2,5,7894.0,Cash on Delivery,5.0,3.9,False
1267,2024-06-03,100,34,Male,Delhi,Home & Kitchen,10732.0,1,0,10732.0,Net Banking,4.0,3.7,False
1268,2024-09-28,141,22,Male,Hyderabad,Apparel,1282.0,1,5,1218.0,UPI,5.0,4.0,False
1269,2024-07-23,23,32,Male,Pune,Sports,2502.0,1,20,2002.0,UPI,4.0,3.8,False
1270,2024-08-18,109,22,Male,Kolkata,Electronics,22713.0,1,5,21577.0,Cash on Delivery,5.0,4.7,False
1271,2024-07-21,108,42,Male,Mumbai,Home & Kitchen,10094.0,1,10,9085.0,UPI,3.0,3.3,False
1272,2024-06-29,134,32,Male,Bangalore,Beauty,1536.0,3,0,4608.0,Credit Card,7.0,3.0,False
1273,2024-05-31,18,37,Male,Bangalore,Apparel,1638.0,1,0,1638.0,Debit Card,5.0,3.3,False
1274,2024-12-02,40,29,Male,Kolkata,Electronics,13328.0,2,0,26656.0,Credit Card,6.0,3.3,False
1275,2024-04-12,72,34,Female,Ahmedabad,Electronics,19113.0,1,10,17202.0,Debit Card,2.0,3.8,False
1276,2024-04-13,32,26,Male,Hyderabad,Electronics,14226.0,1,15,12092.0,UPI,3.0,4.0,False
1277,2024-11-19,139,28,Male,Chennai,Apparel,3610.0,3,0,10830.0,Cash on Delivery,1.0,4.1,False
1278,2024-04-03,61,27,Male,Kolkata,Electronics,8644.0,1,0,8644.0,Credit Card,3.0,2.7,False
1279,2024-02-16,110,33,Male,Kolkata,Sports,5061.0,1,0,5061.0,Net Banking,5.0,3.3,False
1280,2024-09-08,98,28,Male,Kolkata,Electronics,20699.0,2,0,41398.0,Credit Card,2.0,4.1,False
1281,2024-12-28,172,48,Female,Delhi,Home & Kitchen,10927.0,3,0,32781.0,Debit Card,5.0,3.1,False
1282,2024-09-02,119,30,Male,Chennai,Books,1479.0,1,5,1405.0,Credit Card,4.0,4.3,False
1283,2024-08-02,79,30,Male,Ahmedabad,Beauty,745.0,2,15,1266.0,Cash on Delivery,1.0,4.5,False
1284,2024-12-26,172,29,Male,Kolkata,Electronics,2800.0,1,0,2800.0,UPI,5.0,5.0,False
1285,2024-10-23,28,43,Male,Pune,Apparel,822.0,2,0,1644.0,UPI,1.0,4.9,False
1286,2024-05-20,178,36,Female,Ahmedabad,Home & Kitchen,4799.0,1,5,4559.0,UPI,5.0,3.9,False
1287,2024-03-28,78,18,Male,Pune,Sports,544.0,1,0,544.0,Cash on Delivery,4.0,3.6,False
1288,2024-11-05,6,22,Male,Bangalore,Apparel,2860.0,1,15,2431.0,Cash on Delivery,3.0,4.2,False
1289,2024-02-10,80,31,Male,Mumbai,Apparel,1162.0,1,0,1162.0,Cash on Delivery,2.0,4.4,False
1290,2024-04-15,30,39,Male,Pune,Books,1162.0,1,0,1162.0,Debit Card,2.0,3.3,False
1291,2024-07-17,35,40,Male,Delhi,Apparel,572.0,1,0,572.0,Credit Card,4.0,4.6,False
1292,2024-09-06,124,37,Female,Ahmedabad,Home & Kitchen,10256.0,1,0,10256.0,UPI,7.0,3.1,False
1293,2024-12-25,115,18,Male,Delhi,Electronics,20312.0,3,5,57889.0,UPI,3.0,3.4,False
1294,2024-11-02,93,30,Female,Ahmedabad,Books,1025.0,2,5,1948.0,Credit Card,1.0,4.9,False
1295,2024-01-29,165,33,Female,Bangalore,Apparel,1080.0,1,0,1080.0,Cash on Delivery,3.0,3.9,False
1296,2024-01-10,179,26,Female,Delhi,Apparel,2274.0,2,0,4548.0,Debit Card,4.0,3.8,False
1297,2024-04-04,68,51,Female,Pune,Home & Kitchen,8826.0,1,0,8826.0,Credit Card,6.0,2.3,False
1298,2024-11-08,129,39,Female,Chennai,Beauty,1827.0,2,0,3654.0,Credit Card,5.0,4.1,False
1299,2024-12-04,77,42,Male,Chennai,Electronics,13836.0,1,0,13836.0,Cash on Delivery,3.0,4.3,False
1300,2024-06-25,60,23,Male,Chennai,Beauty,1032.0,1,0,1032.0,Cash on Delivery,1.0,4.4,False
1301,2024-10-30,150,18,Male,Ahmedabad,Books,1273.0,1,0,1273.0,Credit Card,6.0,2.7,False
1302,2024-06-16,23,47,Female,Pune,Apparel,3520.0,1,0,3520.0,Debit Card,4.0,4.4,False
1303,2024-05-04,77,18,Female,Hyderabad,Beauty,2024.0,1,0,2024.0,Net Banking,6.0,3.7,True
1304,2024-10-05,79,33,Male,Bangalore,Books,1253.0,2,0,2506.0,Cash on Delivery,4.0,3.3,False
1305,2024-10-06,122,40,Female,Mumbai,Apparel,3617.0,1,0,3617.0,Debit Card,6.0,5.0,False
1306,2024-08-25,102,25,Female,Chennai,Home & Kitchen,5584.0,1,15,4746.0,Net Banking,6.0,3.7,False
1307,2024-08-30,105,43,Male,Kolkata,Books,616.0,1,0,616.0,UPI,4.0,3.5,False
1308,2024-01-10,125,46,Female,Mumbai,Beauty,1292.0,1,5,1227.0,UPI,1.0,3.8,False
1309,2024-02-07,174,18,Male,Bangalore,Sports,3773.0,1,0,3773.0,Credit Card,1.0,4.3,False
1310,2024-12-21,69,32,Female,Mumbai,Electronics,6912.0,1,0,6912.0,UPI,3.0,4.0,True
1311,2024-04-05,79,30,Male,Bangalore,Electronics,16422.0,2,10,29560.0,UPI,4.0,4.1,False
1312,2024-12-11,49,18,Male,Ahmedabad,Home & Kitchen,3737.0,1,5,3550.0,UPI,4.0,3.7,False
1313,2024-01-28,71,30,Female,Mumbai,Apparel,902.0,2,5,1714.0,Debit Card,4.0,3.9,False
1314,2024-08-26,127,33,Female,Bangalore,Apparel,417.0,1,5,396.0,UPI,3.0,3.9,False
1315,2024-11-26,170,45,Male,Delhi,Apparel,1440.0,2,0,2880.0,Net Banking,3.0,4.1,False
1316,2024-10-07,47,28,Female,Bangalore,Apparel,3126.0,2,0,6252.0,Credit Card,5.0,3.9,False
1317,2024-04-16,60,38,Male,Hyderabad,Apparel,3417.0,2,10,6151.0,UPI,4.0,3.9,False
1318,2024-08-15,93,57,Male,Bangalore,Sports,4948.0,2,0,9896.0,UPI,2.0,4.3,False
1319,2024-03-04,48,38,Female,Hyderabad,Apparel,2194.0,2,15,3730.0,Net Banking,3.0,3.6,False
1320,2024-08-15,62,36,Female,Pune,Beauty,895.0,2,15,1522.0,Cash on Delivery,6.0,4.0,False
1321,2024-09-27,59,27,Female,Mumbai,Apparel,2756.0,1,0,2756.0,Debit Card,2.0,4.2,False
1322,2024-04-03,13,35,Female,Hyderabad,Home & Kitchen,8675.0,1,15,7374.0,Debit Card,7.0,4.8,False
1323,2024-05-10,7,20,Female,Delhi,Books,994.0,1,0,994.0,Debit Card,6.0,4.4,False
1324,2024-01-22,122,33,Male,Mumbai,Electronics,24177.0,2,0,48354.0,Credit Card,5.0,4.3,False
1325,2024-09-15,30,21,Male,Kolkata,Home & Kitchen,4027.0,1,0,4027.0,UPI,4.0,3.6,True
1326,2024-09-18,170,40,Male,Ahmedabad,Beauty,561.0,1,10,505.0,Cash on Delivery,1.0,4.0,False
1327,2024-01-23,64,18,Female,Chennai,Home & Kitchen,7122.0,1,0,7122.0,UPI,5.0,4.3,False
1328,2024-03-13,109,31,Male,Delhi,Apparel,745.0,1,5,708.0,UPI,5.0,4.1,False
1329,2024-10-11,39,26,Male,Ahmedabad,Apparel,2888.0,1,20,2310.0,Debit Card,7.0,4.2,False
1330,2024-06-18,104,35,Female,Hyderabad,Apparel,2953.0,1,0,2953.0,Debit Card,1.0,4.0,False
1331,2024-11-30,166,25,Female,Bangalore,Beauty,1469.0,1,0,1469.0,Debit Card,2.0,4.3,False
1332,2024-09-28,65,49,Female,Pune,Beauty,2526.0,3,0,7578.0,Debit Card,7.0,3.9,False
1333,2024-11-25,52,26,Male,Hyderabad,Home & Kitchen,5571.0,1,0,5571.0,UPI,6.0,4.5,False
1334,2024-11-12,90,49,Male,Chennai,Books,805.0,1,0,805.0,UPI,5.0,4.1,True
1335,2024-11-21,24,39,Male,Ahmedabad,Home & Kitchen,8213.0,2,10,14783.0,Credit Card,3.0,3.8,False
1336,2024-08-16,90,48,Female,Mumbai,Beauty,1304.0,1,5,1239.0,Debit Card,2.0,3.4,False
1337,2024-02-11,179,34,Male,Ahmedabad,Sports,3834.0,1,5,3642.0,Debit Card,4.0,3.2,True
1338,2024-03-23,108,18,Male,Ahmedabad,Electronics,24153.0,2,20,38645.0,UPI,5.0,4.1,False
1339,2024-06-22,41,24,Female,Pune,Home & Kitchen,8388.0,1,0,8388.0,Credit Card,5.0,3.2,False
1340,2024-06-21,158,45,Male,Ahmedabad,Books,1165.0,2,0,2330.0,UPI,5.0,2.7,False
1341,2024-03-20,98,33,Female,Mumbai,Electronics,20233.0,2,5,38443.0,Credit Card,5.0,3.5,True
1342,2024-12-30,15,49,Male,Pune,Sports,2280.0,1,0,2280.0,Credit Card,3.0,4.0,True
1343,2024-08-11,62,30,Female,Mumbai,Sports,3658.0,1,15,3109.0,UPI,5.0,4.3,False
1344,2024-04-17,132,19,Female,Ahmedabad,Books,396.0,1,0,396.0,Debit Card,4.0,5.0,False
1345,2024-10-17,60,31,Male,Mumbai,Sports,300.0,1,0,300.0,Credit Card,5.0,4.6,False
1346,2024-08-27,31,26,Female,Delhi,Home & Kitchen,2112.0,1,10,1901.0,UPI,6.0,3.6,False
1347,2024-10-06,80,33,Female,Chennai,Books,1358.0,1,0,1358.0,UPI,4.0,4.7,False
1348,2024-06-15,18,25,Male,Ahmedabad,Home & Kitchen,11258.0,1,0,11258.0,Credit Card,7.0,3.8,False
1349,2024-08-21,50,31,Male,Hyderabad,Apparel,2259.0,1,10,2033.0,Net Banking,3.0,4.5,False
1350,2024-05-04,31,24,Female,Chennai,Electronics,16920.0,1,0,16920.0,UPI,3.0,5.0,False
1351,2024-11-08,108,38,Male,Chennai,Home & Kitchen,8593.0,1,0,8593.0,Credit Card,4.0,3.5,True
1352,2024-08-14,177,36,Male,Pune,Apparel,1017.0,2,0,2034.0,UPI,3.0,4.7,False
1353,2024-10-31,151,38,Male,Bangalore,Electronics,7556.0,1,10,6800.0,Debit Card,4.0,4.5,True
1354,2024-12-28,50,34,Female,Delhi,Apparel,1570.0,2,0,3140.0,UPI,4.0,5.0,False
1355,2024-03-16,161,27,Female,Delhi,Apparel,895.0,1,10,806.0,UPI,4.0,4.2,False
1356,2024-07-22,107,19,Male,Chennai,Electronics,2377.0,2,0,4754.0,Debit Card,3.0,3.1,False
1357,2024-04-14,102,26,Male,Hyderabad,Electronics,1459.0,2,5,2772.0,UPI,3.0,4.5,False
1358,2024-08-07,156,34,Female,Ahmedabad,Sports,3098.0,1,5,2943.0,UPI,3.0,3.7,False
1359,2024-04-24,4,24,Female,Ahmedabad,Home & Kitchen,2098.0,1,5,1993.0,Credit Card,5.0,4.3,False
1360,2024-08-30,110,37,Female,Kolkata,Electronics,24454.0,1,15,20786.0,UPI,5.0,4.9,False
1361,2024-10-30,98,28,Female,Bangalore,Beauty,2619.0,1,0,2619.0,Credit Card,3.0,3.5,False
1362,2024-04-15,158,21,Male,Mumbai,Sports,372.0,1,0,372.0,Credit Card,4.0,3.2,False
1363,2024-02-08,95,27,Female,Chennai,Electronics,14512.0,1,0,14512.0,UPI,4.0,3.4,False
1364,2024-08-30,89,34,Female,Hyderabad,Books,1216.0,2,20,1946.0,Credit Card,5.0,3.8,False
1365,2024-09-09,59,18,Male,Delhi,Electronics,23079.0,1,5,21925.0,UPI,4.0,5.0,False
1366,2024-08-27,116,33,Male,Bangalore,Beauty,188.0,2,0,376.0,UPI,4.0,3.2,False
1367,2024-03-12,40,28,Male,Delhi,Beauty,2506.0,1,0,2506.0,Cash on Delivery,1.0,3.1,False
1368,2024-05-27,42,38,Male,Mumbai,Beauty,335.0,1,0,335.0,UPI,5.0,3.8,False
1369,2024-08-09,172,48,Male,Pune,Apparel,3088.0,1,10,2779.0,UPI,5.0,3.9,False
1370,2024-03-02,128,33,Male,Chennai,Electronics,3448.0,1,5,3276.0,UPI,3.0,4.0,False
1371,2024-05-20,10,33,Female,Delhi,Beauty,963.0,2,0,1926.0,UPI,3.0,4.0,True
1372,2024-02-12,10,41,Female,Pune,Electronics,17061.0,2,0,34122.0,UPI,4.0,4.1,False
1373,2024-06-24,120,23,Female,Hyderabad,Beauty,432.0,1,10,389.0,Credit Card,4.0,3.7,False
1374,2024-08-09,19,19,Male,Pune,Beauty,2465.0,2,0,4930.0,Debit Card,6.0,3.2,False
1375,2024-06-19,126,36,Female,Bangalore,Electronics,19413.0,2,5,36885.0,UPI,5.0,4.1,False
1376,2024-01-21,173,35,Male,Ahmedabad,Electronics,1866.0,2,0,3732.0,UPI,6.0,3.1,False
1377,2024-08-24,97,37,Male,Kolkata,Home & Kitchen,3896.0,1,10,3506.0,Net Banking,5.0,5.0,False
1378,2024-03-07,19,48,Female,Ahmedabad,Apparel,925.0,1,0,925.0,UPI,3.0,3.9,False
1379,2024-09-19,24,41,Female,Bangalore,Electronics,2210.0,2,5,4199.0,UPI,7.0,3.3,True
1380,2024-04-13,153,40,Female,Bangalore,Home & Kitchen,6440.0,1,5,6118.0,Cash on Delivery,4.0,3.1,False
1381,2024-05-10,61,45,Female,Chennai,Home & Kitchen,1933.0,2,5,3673.0,UPI,4.0,5.0,True
1382,2024-12-11,97,39,Female,Pune,Electronics,10347.0,1,20,8278.0,Credit Card,4.0,4.8,False
1383,2024-02-08,95,39,Male,Pune,Sports,5686.0,1,10,5117.0,Debit Card,3.0,4.6,False
1384,2024-11-10,69,49,Female,Chennai,Home & Kitchen,8715.0,1,0,8715.0,Debit Card,7.0,4.8,False
1385,2024-08-02,129,18,Female,Mumbai,Beauty,1958.0,1,0,1958.0,Credit Card,5.0,4.5,False
1386,2024-11-13,10,48,Female,Mumbai,Apparel,2502.0,3,0,7506.0,Credit Card,1.0,5.0,False
1387,2024-12-17,136,25,Male,Pune,Apparel,3085.0,1,5,2931.0,Credit Card,3.0,4.0,False
1388,2024-09-01,53,36,Female,Mumbai,Electronics,11088.0,1,0,11088.0,Cash on Delivery,3.0,4.9,False
1389,2024-01-14,147,19,Male,Chennai,Electronics,12830.0,1,0,12830.0,UPI,2.0,4.4,False
1390,2024-07-12,114,37,Male,Hyderabad,Sports,3821.0,1,0,3821.0,Debit Card,7.0,2.7,False
1391,2024-12-03,56,28,Male,Pune,Books,337.0,2,10,607.0,Credit Card,7.0,4.6,False
1392,2024-12-29,174,35,Male,Mumbai,Apparel,779.0,1,0,779.0,Credit Card,2.0,5.0,True
1393,2024-09-17,73,37,Male,Chennai,Apparel,538.0,1,20,430.0,Debit Card,3.0,4.0,False
1394,2024-05-03,168,30,Male,Bangalore,Sports,1394.0,1,15,1185.0,Credit Card,3.0,4.4,False
1395,2024-05-09,51,38,Male,Pune,Sports,4335.0,1,0,4335.0,Debit Card,2.0,4.0,False
1396,2024-05-21,49,36,Male,Bangalore,Home & Kitchen,1231.0,2,0,2462.0,Credit Card,6.0,5.0,False
1397,2024-05-30,57,20,Male,Bangalore,Electronics,24466.0,1,15,20796.0,UPI,3.0,5.0,False
1398,2024-03-07,110,37,Male,Ahmedabad,Home & Kitchen,4415.0,1,0,4415.0,Debit Card,3.0,4.2,False
1399,2024-04-06,15,50,Female,Kolkata,Apparel,3425.0,2,0,6850.0,UPI,6.0,3.7,False
